{
  "list": [
    { "name": "22/default", "model": "haruna/22/model.default.json" },
    { "name": "22/2018.bls-winter", "model": "haruna/22/model.2018.bls-winter.json" },
    { "name": "22/2018.bls-summer", "model": "haruna/22/model.2018.bls-summer.json" },
    { "name": "22/2018.spring", "model": "haruna/22/model.2018.spring.json" },
    { "name": "22/2018.lover", "model": "haruna/22/model.2018.lover.json" },
    { "name": "22/2017.cba-normal", "model": "haruna/22/model.2017.cba-normal.json" },
    { "name": "22/2017.cba-super", "model": "haruna/22/model.2017.cba-super.json" },
    { "name": "22/2017.valley", "model": "haruna/22/model.2017.valley.json" },
    { "name": "22/2017.vdays", "model": "haruna/22/model.2017.vdays.json" },
    { "name": "22/2017.tomo-bukatsu.low", "model": "haruna/22/model.2017.tomo-bukatsu.low.json" },
    { "name": "22/2017.tomo-bukatsu.high", "model": "haruna/22/model.2017.tomo-bukatsu.high.json" },
    { "name": "22/2017.summer.normal.1", "model": "haruna/22/model.2017.summer.normal.1.json" },
    { "name": "22/2017.summer.normal.2", "model": "haruna/22/model.2017.summer.normal.2.json" },
    { "name": "22/2017.summer.super.1", "model": "haruna/22/model.2017.summer.super.1.json" },
    { "name": "22/2017.summer.super.2", "model": "haruna/22/model.2017.summer.super.2.json" },
    { "name": "22/2017.school", "model": "haruna/22/model.2017.school.json" },
    { "name": "22/2017.newyear", "model": "haruna/22/model.2017.newyear.json" },
    { "name": "22/2016.xmas.1", "model": "haruna/22/model.2016.xmas.1.json" },
    { "name": "22/2016.xmas.2", "model": "haruna/22/model.2016.xmas.2.json" }
  ]
}
